"term","df","sumsq","meansq","statistic","p.value"
"smooth_process_group",2,27878.2169779807,13939.1084889904,42909.3479991466,0
"Residuals",129877,42190.5640062535,0.324850158274779,NA,NA
