"smooth_process_group","n","mean_overall_experience","sd_overall_experience","se","t_critical","ci_lower","ci_upper"
"Low Smoothness",15302,2.44410044438635,0.550561800079948,0.00445073745508359,1.96011903687037,2.43537646917253,2.45282441960018
"Moderate Smoothness",56051,3.06118311894525,0.578878661126895,0.00244509567871253,1.96000630963529,3.05639071598731,3.06597552190319
"High Smoothness",58527,3.78012925658243,0.566317073255658,0.0023408927854431,1.9600045189941,3.77554109614448,3.78471741702038
