"Df","F value","Pr(>F)"
2,67.378340968125,5.66406927436301e-30
129877,NA,NA
