"test","correlation","t_statistic","df","p_value","conf_low","conf_high"
"Pearson Correlation",0.704971440902678,358.219098256612,129878,0,0.702225272751849,0.707696632002209
