"test","t_statistic","df","p_value","conf_low","conf_high","mean_group_1","mean_group_2"
"Two-Sample t-Test",-143.476118091087,122042.355348419,"0e+00",-0.543069383990307,-0.528431931817344,3.01380833319159,3.54955899109542
